ad,recognized_text
AD0409,"mrtt; Ayes; A~; WHAT, HE, SAID; NSX; Create yours starting 2.25.16; ACURA; ACURA, PRECISION CRAFTED"
AD0410,"Advil; 6y; ""h'; Do nol altempt; NOTHING, WORKS, FASTER, Among OTC analgesics; NOTHING, WORKS, STRONGER, Among OTC analgesics; Advill, lttts Zmg, Fenlfet kdn, usd; Advll, Hes, Xom, Ra adr; WORLDS, Based on sales; LToo, (Zo8; WHAT; BACK; WRIST; HEAD; Advil, Use as directed."
AD0411,"'Siw; #BALDWINBOWL; 97; 81; 91; KuNnt, EBaLowInDOwL, 87, AdowL, #BALDMMMBOWI; KuNnt, FBALOWUNBowT, Hnum, 97, #baldwiabowl; RuNNt, #B4L DMINbowI, WIRDDWL, dacdmiabowl; KuNnst, #DALDWTHBOWL, ILDWIRBOWL, #baLdwimbowL; @BaldwinbowL, KbOWL; #BALdWINBO], aaldmineorl; alldwimbowl, #BaLdWI, baldoindowi; amazon echo, amazon; 37, 13, 87; 17; M,; SSUAde; ISIDium, CWlNIn; Ildwin, SMDium; BALDWIN, ISUAdium; BALOWI, MaDun; BALdWI, STADM, LAL; 91, Siw; WL; Aata, Jowi; amaton"
AD0412,"BRAD BELLFLOWER, SILICON VALLEY MAVERICK; (o; Gtut; @aemonn; (aa ,; Out,; I104; Ie; Ka; (C""; 110; Pie not Included;; I16; Apartments con]; T100; II00; BRAD, NER, SIUCONVAL, er; Id8; (ed; (eSonta"
AD0413,"UNITED, STF; Undtonitor, Ss, ECS, Otao, Quad ?, Quad ?, 60, Quad $; drive, select; VIEVI, at, CQQ, drive, CU, ect, (u?; CQ, 5[, drive, STAT, Stop, MVIet; [090, Fetialaaate, STA', ENG, STC; [000, Fatealaate; 94.7.W., NW, 295mi, UI, 4 56, 6 meter, Power, Torque, (RE, 96, Mph, 51, 10, AEADY, PEAFOAMANCE, 8.55pm, 46*, 7128*, J00D, Jima; I penen; Choosing the, moon; Choosing the moon, brings out the best in uS:; The 205 mph Audi R8, is here:, rack speed. Always obey all speed and traffic laws Top track speed claim applied to Audi R8 V1O plus.; Audi, In memory of the Starman:; Prolessional driver: Closed course: Do not attempt"
AD0414,"=I=; Avocados, Mexico, ALWAYS IN SEASON, #AvoslnSpace"
AD0415,"AU, 3[, Sf], S} |2|, L-a), (n, Ay, ALa; Sa, Ty.nra, I |, (-aat|, ie, Ohktse; AXE GROOMING FOR MEN:, Eo, UCo, [18C, AXE, HAd, HAE, FXE; FIND; YOUR; MAGiC; UnileUer, AXE, FIND YOUR, Magic."
AD0416,"THE, BUD LIGHT, PARTY; 8u8; BuD, Lght; Hu0[-I, V0 T E, BUD, GRAEAE, )T E, UD, CANS], BUD, fiGht], 5 HT, NOT, CA, N'TS, The, ORT, BUDI, igh; JUD, Uich; Ine, UGAI, Jud; TCMI, QuD; LIGm, BUD; To, eudtent, BUD LIGHTI, FTHENER, MiLUc, P1ZZA, AaNLtn, Let""s, < -, AGREE, THE, AGREE, ""BuDL, Juight; BUD, lIGh; Amy; Hana, Amy; Maerymoun, AMERICA, CAn, juduga, Vought, gin, 'Support, Happy, HoU, AMERIC, Corert]; Ppoat, LiGhT, VC, BU, LiG; Poat, UiGhT; 0t, IghT; V0, BU; Va; Vo 1 e, BU, BUD, HT, NS|, JGht, Juvpuh|, QUD, CAN, VoTe, Uo, ureoet, FT$, light; Vo T E, BU, 0 T e, JUD ., IohT, iGHt|, suppohi, Upbori, DUDLiGht, Ligur |; Vo TE, T0 T E, BUD ., TT, ANS], LiGht ], #udrobi, Ho, oudlight, BUS, TS; Vo1 E, BU, 10 TE, BUD, IGht, CANS, iGHt |, HOl, #u""pom|, CAN'15, @UD, 'Light, To, Support, @UDJ; BUD, LIGHT, RAISE ONE TO RIGHT NOW:, #BudlightpARty; ThE, BUD LIGI, PaRTy, ReakING: BEER MAKES AN; BUD, Kels, RREAKING: BEE; <| ' - |t, ThE, IDLIGHT, RARTY; [ |, HE, LIGHT; 4E, IGHT, LY; CUd, DOcqu, DODDJ, BUD, LIGHT, Hee  AGREE To AGREE, AGREE, Tow; Usudd; I5un; Isu), AS; ANgeL, KKeRS; ANGEL, KreRS, MB(, Quo; BUDuGHT; lpun""iat; Bupuight; Edueen; 2881; Ligl; boi; ThE, Ht, BUp, Light, BUDLIGHT, PARTY; BREAKING NEWS, IYE, CELEBS INTERRUPT LAKERS GAME; Bun, UiGl, QuD, Ight; buD, IGHT; Jor, EnJoy RESPONSIBLY; @ 2016 Bud LIglin "" Beer Anheuser-Busch, SL;, Quls, SSUL; TVEYLMSHMLY € 20463 Ari | ighy "" Beer Anlieyucar-Ruc# St, 094la Mle, TNt; UD, puos tu; UD, hudsg); QUD, Qudate; 5uic70; BUDLIGHT, IUH, JUcL, #"" BIG, IT'S BIG, IT""$ BIG, IT'$ BIc, LIGHT, BUD LIGHT -, BUDL; Qugm, JdLIGht; JDLIGhT"
AD0417,"NOT PONIES; BUDWEISE R, NOT SMALL; NOTA HOBBY; als, (AJOR LEAGUE BASEBALL, AND COPYRIGHTS USED WITH PERMISSION !; NoT IMPORTED; NOT A FRUIT CUP; NOT FOR EVERYONE; NOT BACKING DOWN, SINCE 1876; THIS BUDS FOR YOU., 'NJOY RESPONSIBLY @ 2016 Anheuser-Busch; Budweiser "" Beer; St. Louis; MO:"
AD0418,"EBudweiseny, iteadamn, 3]; StBudieisert, #GiveADamn, ENJOY RESPONSIBLY @ 2016 Anheuser-Busch; Budweiser"" Beer; St. Louis, MO:"
AD0419,"UFC4089; BUA; EXPERIENCE, THE NEW BUICK, buick com"
AD0420,"Ly; Kee, Fo, 857, 875, 37t, Kae; BOLDER; BOLDER, THAN BOLD, Crunchety;, ety,; BOLDER, THAN BOLD, Crunchety, Peanut-Butteryl, ety,; er, Y6m; Buttert, finger; Jinger, Buttert; Nestle, Butter finger, Colors, #BolderThanBold, No Artifirciaolors, Korural, Flavors Or, Sources"
AD0421,"DR. BRUCE; (caGl, minl, AaX; Kaot, mini, Ka, ItGu; Noos, keG4, minil, Kary; NdOs, Aa; SOMETIMES YOU JUST WANT A LITTLE, (caocla, Cola Compan}, Coca Cola"" and The Contour Bottle are registered trademarks of The Coca-Cola Company., 2016 Marvel, Coch; NoOs, Ci8o=; ccaocla, TASTE THE FEELING, #COKEMIni; DR: BRUCE BANNER'S LAB, 17'19.308""N 118*17'49.668""W; J9nn68 9Ju18h0; 19nn683518; Mulglh; HLlcani; HCokeHini; Catol, dd, Sd, Sn; aCokerIInt; Lu; Iecon Nint, nu; no4-Nuni, Jnu; Nini, Ju, Fore; el0a, biu; dtdt, Fddata"
AD0422,"THAT'S MORE WATER THAN, MANY PEOPLE AROUND THE, WORLD HAVE IN A WEEK.; PLEASE TURN OFF THE FAUCET:; Colgate; Ee; Cre; BRUSHING WITH, THE FAUCET RUNNING; WASTES UP TO, 4 GALLONS OF WATER"
AD0423,"FEBE, DeathWishCoffee.com, JCATH; intuit, QuickBooks, #TeamSmallBiz"
AD0424,"COM; DOLLARSHAVECLUB.COM; FRESH BLADE, ANYTIME, DOLLARSHAVECLUB.COM"
AD0425,"ALLOWED, DOGS, NO; lns, Jdiia, L3cd, cea; PA [, (DQNo, cmicR; ISO>, Dnnitc: Doriia  Doriter Dorita Dorita Lorites |, Gaedes, Dorito-, Atetorye: DatitosQrites, Sooritos)arito:Jarites Doritz', esjarites, outcs, Dotitos, jofites, Jorttos, Doro; oorte], Dra; Dax, Oor.; Qc, Oom; (EAN; JAN; Jett, Sandor, outporitos, Ce; ~ios, #Doritos; Doritos, BRAND, For ThE bold, #Doritos; Pontor; Dorttotf"
AD0426,"Dorito; Wudrm, 707015, P,E., CASTEZ, 160 ], 44171; Wdn, P.E.  CASTEZ, Inod, Ial; Iorn, PE., CASIEZ; Jdm, 4z, 74057015, PE., CASIEZ, Gin, J60 ,, 114121, hca; Gal; Oai; Doritos, honvhe Bold, #Doritos"
AD0427,"ENV; isDifferent.com; ""QiC Is a DIFFERENT; ""OIC is, DIFFERENT, TYPF  OF  € OnSTIPATion"", 9(0 /; Brought to you in partnership with:, U.S. PAIN, American Chronic, FOR GRACE, FOUNDATION, Pain Association, I drtent oftctet #rain, Power, Creaky, Of, Pain, Joints, Intcanational pain foundation, By, Daiichi-Sankyo, AstraZeneca; isDifferent com, PRUNE, uci, SQUEzed _, Pauhe, JvIces, Juice, SMOOTHIES; IsDifferent_com, PAUNEE, ucd, Ieeen, Squces, Smoothies"
AD0428,"fitbit; 132 bom, 4ns, 62 citind; 71258; Get Fit.; In Style:; AR 27; 12.58, MAR27, fitbit; heart rate, 96, PurePulse"" Heart Rate, 1.35.59, 00, ~fitbit; Bicycle, On-Screen Workouts, 0.08, fitolt, Kcls; T40, Dinner, 3262 Matton Street, Call, Text & Calendar Alerts, Boopmn, ~Fitblt; 132, 0s, bom, 1otum9; fitbit blaze, Filblt, The Smart Fitness Watch, Pre-order now at fitbit.com; 132b0m, Otodtind, ns"
AD0429,"03o; 49; HEINZ, (AO, TOMATO, HEINZ, KETCHUP, YELLOW, MUSTARD, '00% NATURAL; HEINS; TOMATO, KETCHUP, TEAR, HERE, 57 vaRiETies, 57, HeINZ; HEIN~,, 1869, Organic, UsdA, organic, TOMATO KETCHUP; heinz, Mek, TNZ, HeINZ, Set, [omalo, HEINZ, GINz, Heinz, KokHO;, #MEEJHEKEICHUPS, THE, MEET, KETCHUPS; HEINZ, EST, 18695, ESTD, HEINZ, Hein?, JNZ, heinz, ABCe, 04ato, HEINZ, EInZ, clS, IRD, (Heinz, OHATO, KETCHUP, #MEETTHEKETCHUPS, uor"
AD0430,"Truck-bed audio is standard on RTL-E and Black Edition.; Qart tn RIL, Flo, Sna; Ridgeline RTL E shown; As compared to currently available new 2015 and 2016 trucks:; ALL-NEW, RIDGELINE, COMING SPRING 2016, HONDA; Wuvisolui, 1Mung, Liak, Truck Bed, HondaLink, Android Auto, Settin, Audio, Idroid Auto, is a trademark of Google Inc: and is standard on RTLT and above models:; Idroid Auto, 'is a trademark of Google, and IS standard on RTLT and above models:, Inc:"
AD0431,"CEa; hyundai, UFW_, Official Sponsor of the NFL, #HyundaiSuperBowl; Isis 5.0 Ullimale model with oplioral features showr Sequences shortened. Srnartwatch mnust be paired (o smartphone, ular or internet cornection. Srartphone must be within 1-mile radius of vehicle'$ localion t0 display searched location,, Diue Linke subscriplion required: For plan featuresilees; aduilional delails and limitalions; visit HyundaiBlueLirk com; 06; O0"
AD0432,"Inba Umiled Wll, Illimate Package and optional features show Professional driver. Closed course: Do not attempt; LOlL; ETHOLDE; (polica, Pe 'NoLds; (polica; In; IyI; 1d; Optonal Autornatic Erergency Braking (AEB) GUi Pedestrian Detectior detects pedestians, but not Inall condhuors; AEB Is & drver, Ystern and not, subsuute tr sle dng Syslem eiecwvenes depends 0n many faciors Sea Ower', Manual Ior, Umalons., dels, adl; hyundai, UFW, Official Sponsor of the NFL, #HyundaiSuperBowl"
AD0433,"Enrdl, eallnule, Culm Win cMiW 4, Kqlulred For phm WL, chnmoalual Ink am; asiluntblledeOpudlld, all models. Smartwulct, De Patred I0 aIuverolulm Atte, Lulul, amul, drn eib Lal, SLu Kingnrarm ntiuntaAo nao, Kaest, addilanal dotalls and Ilmballone, Huru DmJikcom, ulst [; Snorteried: Opuunai Hatlote Start D0t avallable Ol all iodels   Smariwratela Kruol &: Aeled T0 WMytiolktu We celt=, Intereeon, qunncionBiue Unk @ subscrplion merrulred, Forplon featuro_ lues; addilonata e r TWlallots, Hyuraol_ Wcn,; hyundai, S shortened, Oplional Remule Start rol avallable un all models   Smartwalchu TrUSI be paires, Io smartphone WIM cellular or Intemel, Lumrecton: Blue Unk o subscrption requlred; For plan leaturesilees, additlonal detalls and Ilm, Ktfons; visit HyundaiblueLInk; Elantra Umlted vith Ultimato Package, optlonal features shown. Prolesslonal driver. Closed course. Do not attompt, UJIZ, and; Elinin, dlouil, Prolessional Oriver , Closed course. Do not attempt; 117 Emua Uliilad, Tad, Peciehin MId, Coliso:, Do nol atterpt:; hyundai, WFD_, Official Sponsor of the NFL, #HyundaiSuperBowl"
AD0434,"Blz; T0lz; 012; Ax4ever; Jeep, 75, YEAR S, Jeep com, Jeep IS & registered traderark of FCA US LLC; 40; , ;; 4' |; w't, '4; ProlesSIDral [Jrvers Un Closeu Gourse; Le; 1e"
AD0435,"ill; IlL; 082252,, CLD e; Je e P, Cuadma, Aichigan, JEEP 751, Grlal, Art; Jeep; WE, DON'T, MAKE JEEP; WE, DON'T, MAKE JEEP, YO U, D 0 .; JEEPCOM, Jeep is a registered trademark of FCA US LLC., Jeep; nen; Th an"
AD0436,"iar, Simulated screen:; 2016 Optima SX Limited shown with optional features Wheels shown available Spring 2016, Professional driver Closed course: Always drive safely and obey all traffic laws; Next Generation, OPTIMA; KIA, #AddPizzazz; ((((("
AD0437,"Producl shown available; THE, FUTURE, BEGINS; LG OLED TV, AK; Protessional drvers onclosed set. Do nol altempl.; 26'"
AD0438,"Marmot, Marmot; Marmol; Morot; ne; Maraa; m not, Marao; m not that kind of marmot., Mant; FALL, IN, LOVE, With, TE OUTSIDE:; Marmot, F 0 R, LIFE"
AD0439,"Oa, ichcto6; RA, pchetobs, TRA; lo$, LTRA, Slhchetobs; ETR; ILTR; B R E W E D, F0 R, ThosE, W H0, G 0, ThE, EXTR A, MIL E; 95, CALS, 95 CALORIES; 2.6G CARBS; 0.6G PROTEIN AND O.OG FAT, PER 12 OZS.; THichetob, ULTRA, EnJOY RESPONSIBLY @2016 MICHELOB ULTRA"" LIGHT BEER, ANHEUSER-BUSCH, ST. LOUIS, MO"
AD0440,"SMeAm, Lum; DSwaam, Lna; JCW, EAM; MINI, MINIUSACOM; UCW; Mg, LBAM; DEFY LABELS; THE NEW MINI CLUBMAN"
AD0441,"Cea, opirona, Seak; bill payer, pattnston;; aaded, odobol, DODODOEODODOEEEEOESEOHSDOLOOSLODODOLODODODODODODO; Ac; K >; ML >; Tao; In-app purchases oplional. Seek bill payer $ permission;; 85; Gra]; TANK; MOBILE, HONnVT; MDBILE, STRAKE, Ise5 optional  Seck bIIl pajer s permission Nol In-game footage: @ Epic War, LLC. Epic War and Moblle Strike name, logo, and associated marks are, Epic War; LLC in Ihe U.S; and other countries, App Slore and Appl, Iogo are Wade markS 0f Apple Inc: Google Play iIS, brademark 0| Google Inc:, Junau, Klndle Flre are trademarks of Amazon com; Inc; All other trademarks are the property 01 their respectlve nolders;"
AD0442,"Dectrolyte?; Attol; 9b; START; tae; SAt; THREE, AWESOME, THINGS, COMBINED; eactrolytes, Joict, DEW, JUIcE, cor4t, CAFFENKE, Kick"
AD0443,"Data suggests 9 months after a Super Bowl victory,; ny; ny, Iu; Bowl Parents 1989; FOOTBALL, IS, FA MILY; Lu, ny; BBQ, 0td, Bowl Babies, 1993/1994; Bowl Parents 1976, HARRIS, 32"
AD0444,"Messages, Jess, Details, Sooo many celebs! Amazing halftime showl; Messages, Jess, Details, Plenty of game left:, R u sure you can't make it?, Don't think it's a good idea, one of his moods:, prob not go out; Messages, Jess, Details, Plenty 01game lett:, R u sure you can't make it?, Don't think it's a good idea, Jake is in one of his moods:, should prob not go out., Again?, Are you OK?; THERE ARE MANY SIGNS OF, DOMESTIC VIOLENCE AND SEXUAL ASSAULT; TEXT 'NO MORE' TO 94543, MORE, Text STOP to 94543 t0 cancel Message and Data Rates May Apply: By participating;you consent to receive text, messages senu by ar awnomatic telepmone dialrg Syster Consert to Khese teros, condiion o8 puxchase"
AD0445,"NEW MONEY; MOVE; MOVE OVER, OLD MONEY; THERESA; THERESA, NEW MONEY, IN TOWN; PAYPAL; IS; NEW; A DIRTY WORD; NEW MONEY, ISN'T PAPER; IT S PROCRESS; 927; 1209, 927; 144, OLD MONEL, 1209, 710; CLOSES AT 5; SLc; NEW MonEV, IS ALWAYS OPEN; IS NNOT; OLD MONEY, IS STUCK; IN THE PAST; EVERY DAY; OLD MONEY, REST, IS THESE PEOPLE; condas; Canada; 30; ""are, H8; IS ALL PEOPLE"
AD0446,"Jese; EPS, OLA; Jipsi, OLA; OLA; Lya; L36x; OLA, EPSI; Pesi(oia; PSL (0L4; {PSI (0t:; EPSH; 753; EE=; Ep !; 3aDZZ=; O2C=0; n==; EpJI; Pepsi; PERS, Ihe PepsiGlc, registered Trader-mmeo PepsICo; Inc; PepSI; PepSI, OLA, Globz  e registered iradematkg ol Peattto, Inc; PEPSI; PEPSICOLA, Pcpst Glob, regisicicd, Iks 0l Pra Co; PEPSI, PEPSI cOLAand Ine PEpsi Globe, demarks of Pepsica; Gpoi, 555; @l; 38; #pepsihalftime; Epsi(0i4"
AD0447,"Persil; Persil, PnociAN, Zuul; Persil, PROCLEAN; Persil, #1 Rated Detergent in America, By a leading consumer publication:, PROCLEAN, PORER-VOUD, Zinl, Drozeen, #GameDayStains"
AD0448,"Mvu, omdakino, FFor GREATNESS, nau, SIp:15, FTHAANING; ITadaining Fo GREAtNESS, Wweaig; 98.; 80; N( >, WAR, (NI, URt; LAE NQ ONE EVER WAS; Jt, Daio, BE, Deeaeb;; J(, 73, @uerCAde, Ma, BE, NHE, defeatED?; ICAN DO THAT:; Vca; RE; TRAIN, ON; CELEBRATING, 2 0, YEARS, PoKEMONZO.COM, #Pokemon2o, olo Poramon"
AD0449,"ForS, T0an, CoD, Lotb; Fors, cold), IoLD; Forse, Loto; Quickenloans:, com, MGGEA8, QuichonLonn, buM, mome, REFINANCE; Ouickenl, oans, com, moGEE, nt, REtr Aret; com, Ouichonlomnsa, Morger2, Curao, RCmancr; PUSH; PUSH BUTTON; ROCKET, MORTGAGE, by QuickenLoans, QuickenLoans.com, #RocketMortgage, LS tdogo Equd, Iloaa ledd, Hles, M4 10M Maadad atnu Daca MtnX 1506, J0M47Z 16425 Muh Fn Sex0 Snk A215200 Morge;r Benb Luenv, V an, Dxt d(oprtbed!, Restntu Moro oelrndugkt (0 1 Uedby IbiebadlJEtAe MnX  UNetatoe Lene 011MML, RexteneMate Lkaua M127-Dut -, NnalRegulatbn U5 9-0000893,NE Spvtadlary Lkenx MN MotactbrartebdauntMs Uas JlyiNSDA dBattigadbonmmahune NH Unbul, IBetingl e, JMrg Bllt- Nurl 4brnkuy, landat Edl mertey Sors M badiagbn.4, Msb09l4 ChMbs5016 0r, IMl1XI MUtiodra Iq, Dapt, Burang tnd, Cmai, Sudn Motgy ls Mt, Wadd, MtWUMuEXD Lcdcoy, Kra msun, (onpiny, Q-Jm, WMnna, Tuia, el; ROCKET, MORTGAGE, by QuickenLoans, QuickenLoans.com, #RocketMortgage, LS tobo Equd[, lendrx Uoreddn, Hale, IX; 1050 Weodad aeur Drot M43226 1506 (8831 474044,02 16425 Momn Fu Sae A00, Stonsar* 4Z35280 Maorgeyr Benbry Lueny, Lkenddly Dxddpath, Resdrti /Morarekrnngkt (0 Rqebted6y Ihe Dibtadle Etate GA RexdrtbMatoroe Uier? IIIAM [, Acxtkeni] Martoene Lkadar M127-, Date, sshralRagulaien; @ M004c893,ME Sentadlar  Ukanx MN Notactalorarate bd aorement x Uicnsedey teNSDaA dBartingadtortma Fnankte NH Ikenadbybrl, Betingbn, Fet niee, IludtBbrt, Nla4blkiy, (andkot Zndf mortesyesonuya K: LceneedMlartalgeEanbit, Mns Banding @pL_CIL NB 650076,0k [Kense, Mix MucidoaIy, Uhe Dapt, Burang tandd Wensed pursuant, Sunn Morgty: lom Mt, Sanhe, Vrmanu xoerieuesto44, Cansne, toneyy Lal @NM, Im9; 72; ayobent; com, 'MOGEH8E, Ia, IhomE, QuickenLoans, QulchenLoans, JEFINANCE; Igc"
AD0450,"WydrO; TdRO; Horo; a%?; Hidra; Schick, HYDRO"
AD0451,"DA BLR, Fam Rts, KTp, Aa, A4; TBELOLLN; WhI, ABELoUM; D BLER, Tan Futs, Lcl, Ee, WRedc, 48, Weg; WhnE, ELOIAMT; WHITE, 'BELGLLMT; @@ELGLAN, LIVE LIFE, HINFILTERED, EINJUi, RESPONSIBLY @ 2016 Shock Top Brewing Co , Shock Top@ Belgian-Style Wheat Ale; St: Louis, MO, SHOCR., WHITE"
AD0452,"#SkittlesArt; ORiginAL, Skittles, ROCK THE RAINBOW, #SkittlesArt, Nb WXl Wgke /, @oulpal e ShesandellallibleddesguseJe Ledellais ' Uz Xrl MlyeaL %llealy/00 [Sdliiliales:"
AD0453,"Hcrty, FLEURETTE, Steiq, HAlt, Gipnei, FLORIST; JJeweley Hats, corue; JJeweley Hats, comUe; InT, Hertty, FLORIST, FLEURETTE, Steiq, Has, GrIP DE; sFipdept; SFiPo; o) u wh nyot 4"", 0 Uron, hM; Yure, when, Ror%u, htyy, youte; Youre Iof you Wheh, hungry:, youre; SNIGKERS, satisties, #EATASNIcKERS, nM tradenrales €Aars Incorporaled 2016"
AD0454,"Te; Greatloans, forgreatpeople:; Dontbank SoFi, #SoFiGreat, ancunateld Da, . ., ea, Soel coinberaltarstate restnetons; Dontbank SoFi, #SoFiGreat, sre Oribinated Dy Sofi Lending, NMLS 61121686. SofiIs an equal opportunlty londer Sea SOFIcOnvVLegal lor state rastnctions, Ca"
AD0455,"JRLY, aC; ALLC, REAy; REAY, JaLK; {REAL, REAL, TALK, Real, TALK, TALK; Real, REAL, TALK, TaLk, Fan, Faon; RE, PLAY, Ru, REAL, FaLKc, AL, Ke; RiAL, Malic, RE, REAL, Ai; RE, un, IREAL, TA; SQUARESPACE.COM[REALTALK; SQUARESPACE, Ul"
AD0456,"Elo; Ibto; SUNTRUST, onUp, Sunlrust Bank Member FDIC"
AD0457,"He; Giorgio A, Tsoukalos, Alien Expert; Uelos, Keoro, Ae, Alien; LAW, HA; LAW, HAFK, BriaNE, WILSONATCCRNEYAT Law; LAW, HAVK, BRYAN 2. WIlonATtORNe KT LAw; JK, ~EYMAR; NEEYMAR JR; Quesatupa, At participating locations for a limited time. While supplies last:; TAcO, bELL, Live MAs"
AD0458,"uellw; ~poupute; potaite; doualed; DOUBLED; DOUBLEd; QaD; DOuEte; poueitd; Maohile, DOUBLED, WaLue GovenaOL; T mobile, Its LTe COvERAGE, DOUBLED; DOUbLED, UIS LTE, Icovenade; Vobhl, DOlei; Atnle, DOTEIED; 0ze; Vobile, DOUBLED, MTS LTECOVERAGE; NOW MORE, LTE TOWERS, THAN VERIZON; ""Mob; T .Mobile"", THE UN-CARRIER, #BALLOGIZE, 1-800-TMOBILE, T-Mobile.com; T  Mobile"", THE UN-CARRIER, #BALLOGIZE, 1-800-TMOBILE, T-Mobile.com"
AD0459,"DRAKE; En; Gn; WIRELESSCARRIERS, RUIN EVERYTHING; SWITCH TO, THE UN-CARRIER; STREAMALL YOU WANT, MUSIC, On included services while on our network; T . Mobile"", THE UN-CARRIER, #YouGotCarriered, 1-800-TMOBILE, T-Mobile.com; 57a"
AD0460,"20 8, DANK, 70 8, crOKE]; 100, RANR 0; 4C; Ttn; 72; New7ankt, DANK; Park; Estop; NAwcRK, BANK; TOP STORY: DEVELOPING, PRIUS HIGH-SPEED CHASE, Ficlionalizallon;; Fictionalization.; HD, Ficlionallzation;, chopperViz; STATE, Police, JJ5c0, SIE; ONLY, RNLY; Rt; Tu, ON THE SCENE, HASE CONTINUES, STILL IMPROVING, HEADLINES, Telquomallation:; DANK; PRIUS 4; PEi, Pet :, Ill; Co; Go, Prius; Go, Go, Privs, Stout0at, CHASE CONTInues, Prius [ chase Continues, ~Prius; SQs, Tonsto?, CONTINUES, Prius L ChaSE, continues; hacol, 72; Hidlellal, 72; 25,470; brIc; Sualo Rolo, Owi, Pnt; Prb; AVEERICA, TODA; The Pre-Collision System Is not & substitute for safe and attentive driving practices.; STIE, pulile; 19072, POLIcE; POLle, LIL; ~FOLgE, VUIL; Trnm); tronded; THE ALL-NEW, PRIUS; TNL, PRIUS; Lets, Go, TOYOTA, Places, #GoPriusGo; 19072; Third, ONe, WAY, (STOP); Aird, ST(; Thind; Prototype shown with options Production model may vary:; Parking, ONd, PubLic, PARKING, 515,0, Valet, Special, S10, Prototynaghown with options. Production (rudel may vary:, Public; Thank, Yov; ""uflic, RKING, 15,00, VALET, PECIAL, 10,0, FFore Tam, Parking; 34 18, 02102116, MERA 5; J0 1, 27, @LQ; 516, 28; 30; Professional driver on closed course. Do NOT attempt:; oae; Dr4; 2r4 2; Newclake Trart, FDEea; Zappelle, OCr remente, Yheiger(, Luncheores'cAvT, TOB, Iloans], 155, 155; SELF, PARK; police; JIce, Fhidl; PARMERE, MARKeT, MaRRET"
AD0461,"Turbolax; Rero, Turbon; Tobn, tolute, Zero, Turbol; Turbolov, Turbolax, ntn, Jao; Jucci, ululated  Turbolax Federal Free Editon is for simple US returs only Olfer may end withoutnotice. See ofler details at TurboTaxcom:; fn; tezero; Tubolax, Rezero; Intult, TurboTax, Absolutezero"
AD0462,"JUBLIA, (efinaconazole), Topical Solution 10%; Dclc; 'Delte; FiGs, Toenail fungus is also known as onychomycosis.; FIGHT IT, WIh, JUBLIA, FDA-approved JUBLIA, Xcom, to treat toenail fungus:, JUBLIA, JUBLIA, ""Big J; X.cOm, Individual results may vary:, JUBLIA; Xcom, Apply to affected toenails for 48 weeks:, JUBLIA; JNBIT, Most common side effects include, X.com, ingrown toenail, application site redness,, JUBLIA; itching, swelling, burning or stinging,, Xcom, blisters, and pain., JUBLIA; See our ad in Health magazine or call, Xcom, 1-844-4JUBLIA:, JUBLIA; JUBLIA, (efinaconazole), LARGER, Topical Solution 10%, Ml, JUBLIA', AVAILABLE, Ronl, Elellre, JubliaRx com, 1-844-4JUBLIA, Msare trademarks of Valcant Pharmaccuticals Interational, Inc:orits affiliatcs- All other product or brand names arc, trademarks ol thelr respective owners: 0 2016 Valeant Pharmaceuticals, North America LLC JUB. 0452 USA 15, -size"
AD0463,"adin Cooking Light magazine or call 1-866-XIFAXAN, Xifoxan; com, Xifoxan, Xioxan, Xiooi, Xifo, Xicvxancom; com, Xifaxan; ABDOMINAL, PAIN; studies, nausea and an increase, enzymes occurred in IBS-D patients:, Xifaxan; helps, com, Xifoxan, Xifoxan, Telleve; com, Xifaxan, Xifaxan, elleve, helps, Diarrhea, AbDominal, Pain; 6EY (j0nins @, Xifaxan, llaximin USlmg tablets, (zi-fax-an), Xlfaxan com, 1-866-XIFAXAN, faxan 550 mg product and the Xifaxan trademark are licensed by Alfa Wassermann, Salix Pharmaceuticals or its affiliates The Gut Guy character is a copyright, ""aueue, Ilark of Salix Pharmaceuticals or its affiliates  XIFI.Oo58.USA 15, and; DIARRHEA; JS-D: Irritable Bowel Syndrome with Diarrhea; NEW, FOR IBS-D, Xifoxan, tilaximin SEhmg tablbts, (zi-fax-an), Gek treatment for use in adults. You can be, eated up to 2 times if symptoms come back:, Xifaxan; Xifaxan, pual results may vary: Relief ranged, weeks (average of 10 weeks)., Xifaxan, from; 2 weeks later, ual results may vary:, Xifaxan"
AD0464,"Ruul9Zn; Un, Teu, Made, Jeethet; Jeetnet, Madc; Ao Ubr, In, Mado, Weatiy; MuNeh; MN; WeatherTech, FloorLiners, LASER MEASURED; M abured; WeatherTe@kcom, MADE IN AMERICA"
AD0465,"So For, MR WGS, CG, #StartStunning, @L0, MOOPLES; com, #StartStunning; PING $ Noobte, #StartStunning, Xcom; Xcom, #Sta; '`; arane, Mneene, ana, Wix, It all starts with a stunning website., Create yours. It s easy and free., Suniot, #StartStunning; U0Nu, gtor, 46S, com, #StartStunning, OMB, MooDLES, Letoret; WXcom, Create your stunning website today: It's easy & freel, #Start Stunning; DRBANWNORUKS, Da1i94, Kung Fu Panda 3 @ 2016 DreamWorks Animation LLC _, AII Rights Reserved:"
